{"cameraMode":{"drawMode":0,"name":"Shaded","section":"Shading Mode"},"sceneLighting":true,"audioPlay":false,"sceneViewState":{"m_AlwaysRefresh":false,"showFog":true,"showSkybox":true,"showFlares":true,"showImageEffects":true,"showParticleSystems":true,"showVisualEffectGraphs":true,"m_FxEnabled":true},"in2DMode":false,"pivot":{"x":25.486167907714845,"y":5.760008335113525,"z":14.719223022460938},"rotation":{"x":0.00449997978284955,"y":-0.0014999841805547476,"z":0.000006749975909770001,"w":0.9999887347221375},"size":20.4884090423584,"orthographic":false}